Date,Muscle Group,Workout,Exercise,Set,Weight (kg),Reps,Technique,Month,Notes,Program
26-Jan-2026,Shoulders,Upper 1A,BB Push Press,1,12.5,9,Staight,1,,Warrior
26-Jan-2026,Shoulders,Upper 1A,BB Push Press,2,12.5,8,Staight,1,,Warrior
26-Jan-2026,Shoulders,Upper 1A,BB Push Press,3,12.5,8,Staight,1,,Warrior
26-Jan-2026,Back,Upper 1A,Lat Pulldowns,1,60,10,Trap,1,65,Warrior
26-Jan-2026,Chest,Upper 1A,3D Crossovers,1,35,9,Straight,1,,Warrior
26-Jan-2026,Chest,Upper 1A,3D Crossovers,2,35,9,Straight,1,,Warrior
26-Jan-2026,Chest,Upper 1A,3D Crossovers,3,35,9,Straight,1,,Warrior
26-Jan-2026,Back,Upper 1A,Seated Cable Rows (Elbows Wide),1,75,10,Trap,1,,Warrior
26-Jan-2026,Shoulders,Upper 1A,DB Cheat Laterals,1,14,9,Straight,1,,Warrior
26-Jan-2026,Shoulders,Upper 1A,DB Cheat Laterals,2,14,9,Straight,1,,Warrior
26-Jan-2026,Shoulders,Upper 1A,DB Cheat Laterals,3,16,9,Straight,1,,Warrior
26-Jan-2026,Back,Upper 1A,Straight Arm Pushdowns,1,55,10,Trap,1,50,Warrior
26-Jan-2026,Chest,Upper 1A,Landmine Pushaway Presses,1,30,9,Straight,1,,Warrior
26-Jan-2026,Chest,Upper 1A,Landmine Pushaway Presses,2,30,9,Straight,1,,Warrior
26-Jan-2026,Chest,Upper 1A,Landmine Pushaway Presses,3,30,9,Straight,1,,Warrior
26-Jan-2026,Biceps,Upper 1A,Standing DB Curl,1,14,10,Trap,1,,Warrior
26-Jan-2026,Triceps,Upper 1A,Woodchopper Pushdowns,1,45,10,Straight,1,,Warrior
26-Jan-2026,Triceps,Upper 1A,Woodchopper Pushdowns,2,45,10,Straight,1,,Warrior
26-Jan-2026,Triceps,Upper 1A,Woodchopper Pushdowns,3,45,8,Straight,1,,Warrior
27-Jan-2026,Legs,Lower 1A,Alt. Reverse BB Lunges,1,15,8,Straight,1,,Warrior
27-Jan-2026,Legs,Lower 1A,Alt. Reverse BB Lunges,2,15,8,Straight,1,,Warrior
27-Jan-2026,Legs,Lower 1A,Alt. Reverse BB Lunges,3,15,8,Straight,1,,Warrior
27-Jan-2026,Legs,Lower 1A,BB Hip Thrusts,1,30,10,Trap,1,,Warrior
27-Jan-2026,Legs,Lower 1A,DB Bulgarian Split Squat Hops,1,12,8,Straight,1,,Warrior
27-Jan-2026,Legs,Lower 1A,DB Bulgarian Split Squat Hops,2,12,8,Straight,1,,Warrior
27-Jan-2026,Legs,Lower 1A,DB Bulgarian Split Squat Hops,3,12,8,Straight,1,,Warrior
27-Jan-2026,Legs,Lower 1A,Hamstring Curls,1,35,10,Trap,1,,Warrior
27-Jan-2026,Legs,Lower 1A,DB Spanish Squats,1,24,9,Straight,1,,Warrior
27-Jan-2026,Legs,Lower 1A,DB Spanish Squats,2,24,9,Straight,1,,Warrior
27-Jan-2026,Legs,Lower 1A,DB Spanish Squats,3,24,9,Straight,1,,Warrior
27-Jan-2026,Legs,Lower 1A,BB Calf Raises (Toes Out),1,30,10,Trap,1,25,Warrior
27-Jan-2026,Legs,Lower 1A,Seated Calf Raises,1,85,9,Straight,1,,Warrior
27-Jan-2026,Legs,Lower 1A,Seated Calf Raises,2,85,9,Straight,1,,Warrior
27-Jan-2026,Legs,Lower 1A,Seated Calf Raises,3,85,9,Straight,1,80,Warrior
29-Jan-2026,Back,Upper 2A,Power Pulldowns,1,75,8,Staight,1,,Warrior
29-Jan-2026,Back,Upper 2A,Power Pulldowns,2,75,8,Staight,1,,Warrior
29-Jan-2026,Back,Upper 2A,Power Pulldowns,3,75,8,Staight,1,,Warrior
29-Jan-2026,Shoulders,Upper 2A,Modified DB Bradford Press,1,14,10,Trap,1,12,Warrior
29-Jan-2026,Back,Upper 2A,Meadows Row,1,25,8,Straight,1,,Warrior
29-Jan-2026,Back,Upper 2A,Meadows Row,2,25,8,Straight,1,,Warrior
29-Jan-2026,Back,Upper 2A,Meadows Row,3,25,8,Straight,1,22.5,Warrior
29-Jan-2026,Chest,Upper 2A,Decline DB Bench Press,1,22,10,Trap,1,20,Warrior
29-Jan-2026,Back,Upper 2A,1 Arm High Cable Row,1,45,9,Straight,1,,Warrior
29-Jan-2026,Back,Upper 2A,1 Arm High Cable Row,2,45,9,Straight,1,,Warrior
29-Jan-2026,Back,Upper 2A,1 Arm High Cable Row,3,45,9,Straight,1,,Warrior
29-Jan-2026,Shoulders,Upper 2A,Cable Face Pulls,1,45,10,Trap,1,,Warrior
29-Jan-2026,Back,Upper 2A,Power Shrugs,1,35,7,Straight,1,,Warrior
29-Jan-2026,Back,Upper 2A,Power Shrugs,2,32.5,8,Straight,1,,Warrior
29-Jan-2026,Back,Upper 2A,Power Shrugs,3,32.5,8,Straight,1,,Warrior
29-Jan-2026,Triceps,Upper 2A,DB Incline Power Bombs,1,20,10,Trap,1,18,Warrior
29-Jan-2026,Biceps,Upper 2A,BB Cheat Curls,1,7.5,8,Straight,1,,Warrior
29-Jan-2026,Biceps,Upper 2A,BB Cheat Curls,2,7.5,7,Straight,1,,Warrior
29-Jan-2026,Biceps,Upper 2A,BB Cheat Curls,3,7.5,7,Straight,1,,Warrior
30-Jan-2026,Legs,Lower 2A,Deadlift,1,25,9,Straight,1,,Warrior
30-Jan-2026,Legs,Lower 2A,Deadlift,2,25,9,Straight,1,,Warrior
30-Jan-2026,Legs,Lower 2A,Deadlift,3,25,8,Straight,1,,Warrior
30-Jan-2026,Legs,Lower 2A,BB Front Squat,1,10,10,Trap,1,,Warrior
30-Jan-2026,Legs,Lower 2A,Cable Pull Throughs,1,55,9,Straight,1,,Warrior
30-Jan-2026,Legs,Lower 2A,Cable Pull Throughs,2,60,9,Straight,1,,Warrior
30-Jan-2026,Legs,Lower 2A,Cable Pull Throughs,3,60,9,Straight,1,,Warrior
30-Jan-2026,Legs,Lower 2A,DB Reverse Lunges,1,16,10,Trap,1,,Warrior
30-Jan-2026,Legs,Lower 2A,Hamstring Curls,1,50,7,Straight,1,,Warrior
30-Jan-2026,Legs,Lower 2A,Hamstring Curls,2,45,8,Straight,1,40,Warrior
30-Jan-2026,Legs,Lower 2A,Hamstring Curls,3,45,8,Straight,1,40,Warrior
30-Jan-2026,Legs,Lower 2A,Seated Calf Raises,1,75,10,Trap,1,40,Warrior
30-Jan-2026,Legs,Lower 2A,BB Calf Raises (Toes Out),1,30,9,Straight,1,,Warrior
30-Jan-2026,Legs,Lower 2A,BB Calf Raises (Toes Out),2,30,9,Straight,1,,Warrior
30-Jan-2026,Legs,Lower 2A,BB Calf Raises (Toes Out),3,30,9,Straight,1,,Warrior
2-Feb-2026,Chest,Upper 1B,Dips,1,0,8,Staight,1,,Warrior
2-Feb-2026,Chest,Upper 1B,Dips,2,0,7,Staight,1,,Warrior
2-Feb-2026,Chest,Upper 1B,Dips,3,0,7,Staight,1,,Warrior
2-Feb-2026,Back,Upper 1B,BB Shrugs,1,25,10,Trap,1,,Warrior
2-Feb-2026,Shoulders,Upper 1B,BB Hang Clean and Press,1,10,7,Straight,1,,Warrior
2-Feb-2026,Shoulders,Upper 1B,BB Hang Clean and Press,2,8.75,8,Straight,1,,Warrior
2-Feb-2026,Shoulders,Upper 1B,BB Hang Clean and Press,3,8.75,8,Straight,1,,Warrior
2-Feb-2026,Back,Upper 1B,Seated Cable Rows (Elbows Tight),1,60,10,Trap,1,,Warrior
2-Feb-2026,Chest,Upper 1B,Plyo Pushups,1,0,12,Straight,1,,Warrior
2-Feb-2026,Chest,Upper 1B,Plyo Pushups,2,0,9,Straight,1,,Warrior
2-Feb-2026,Chest,Upper 1B,Plyo Pushups,3,0,8,Straight,1,,Warrior
2-Feb-2026,Back,Upper 1B,Trap Pulldowns,1,60,10,Trap,1,55,Warrior
2-Feb-2026,Shoulders,Upper 1B,BB High Pulls,1,7.5,7,Straight,1,,Warrior
2-Feb-2026,Shoulders,Upper 1B,BB High Pulls,2,7.5,9,Straight,1,,Warrior
2-Feb-2026,Shoulders,Upper 1B,BB High Pulls,3,7.5,9,Straight,1,,Warrior
2-Feb-2026,Biceps,Upper 1B,DB Hammer Curls,1,14,10,Trap,1,12,Warrior
2-Feb-2026,Triceps,Upper 1B,Triceps Rollback Press,1,12,9,Straight,1,,Warrior
2-Feb-2026,Triceps,Upper 1B,Triceps Rollback Press,2,12,9,Straight,1,,Warrior
2-Feb-2026,Triceps,Upper 1B,Triceps Rollback Press,3,12,8,Straight,1,,Warrior
3-Feb-2026,Legs,Lower 1B,Box Squats,1,20,9,Straight,1,,Warrior
3-Feb-2026,Legs,Lower 1B,Box Squats,2,25,9,Straight,1,,Warrior
3-Feb-2026,Legs,Lower 1B,Box Squats,3,25,9,Straight,1,,Warrior
3-Feb-2026,Legs,Lower 1B,DB Leaning Step Ups,1,0,10,Trap,1,,Warrior
3-Feb-2026,Legs,Lower 1B,DB Step Up Thrusts,1,8,9,Straight,1,,Warrior
3-Feb-2026,Legs,Lower 1B,DB Step Up Thrusts,2,8,8,Straight,1,,Warrior
3-Feb-2026,Legs,Lower 1B,DB Step Up Thrusts,3,8,9,Straight,1,,Warrior
3-Feb-2026,Legs,Lower 1B,BB RDL,1,25,9,Trap,1,22.5,Warrior
3-Feb-2026,Legs,Lower 1B,DB Side Lunges,1,8,10,Straight,1,,Warrior
3-Feb-2026,Legs,Lower 1B,DB Side Lunges,2,8,10,Straight,1,,Warrior
3-Feb-2026,Legs,Lower 1B,DB Side Lunges,3,8,10,Straight,1,,Warrior
3-Feb-2026,Legs,Lower 1B,BB Calf Raises (Toes In),1,25,10,Trap,1,,Warrior
3-Feb-2026,Legs,Lower 1B,Seated Calf Raises,1,80,9,Straight,1,,Warrior
3-Feb-2026,Legs,Lower 1B,Seated Calf Raises,2,80,8,Straight,1,,Warrior
3-Feb-2026,Legs,Lower 1B,Seated Calf Raises,3,80,8,Straight,1,,Warrior
5-Feb-2026,Back,Upper 2B,BB Dead Row,1,15,9,Staight,1,,Warrior
5-Feb-2026,Back,Upper 2B,BB Dead Row,2,15,9,Staight,1,,Warrior
5-Feb-2026,Back,Upper 2B,BB Dead Row,3,15,9,Staight,1,,Warrior
5-Feb-2026,Chest,Upper 2B,Incline DB Bench Press,1,20,10,Trap,1,,Warrior
5-Feb-2026,Back,Upper 2B,Rocking Pulldown,1,65,10,Straight,1,,Warrior
5-Feb-2026,Back,Upper 2B,Rocking Pulldown,2,70,8,Straight,1,,Warrior
5-Feb-2026,Back,Upper 2B,Rocking Pulldown,3,70,8,Straight,1,,Warrior
5-Feb-2026,Shoulders,Upper 2B,DB Arnold Press,1,16,10,Trap,1,,Warrior
5-Feb-2026,Back,Upper 2B,Angled Trap Shrugs,1,50,10,Straight,1,,Warrior
5-Feb-2026,Back,Upper 2B,Angled Trap Shrugs,2,60,9,Straight,1,,Warrior
5-Feb-2026,Back,Upper 2B,Angled Trap Shrugs,3,60,10,Straight,1,,Warrior
5-Feb-2026,Chest,Upper 2B,Cable Crossover,1,40,10,Trap,1,,Warrior
5-Feb-2026,Back,Upper 2B,DB Renegade Row,1,18,5,Straight,1,,Warrior
5-Feb-2026,Back,Upper 2B,DB Renegade Row,2,16,7,Straight,1,,Warrior
5-Feb-2026,Back,Upper 2B,DB Renegade Row,3,16,7,Straight,1,14,Warrior
5-Feb-2026,Triceps,Upper 2B,Triceps Pushdowns,1,40,10,Trap,1,18,Warrior
5-Feb-2026,Back,Upper 2B,Chin Ups,1,0,7,Straight,1,,Warrior
5-Feb-2026,Back,Upper 2B,Chin Ups,2,0,5,Straight,1,,Warrior
5-Feb-2026,Back,Upper 2B,Chin Ups,3,0,5,Straight,1,,Warrior
6-Feb-2026,Legs,Lower 2B,BB Hip Thrusts,1,30,9,Straight,1,,Warrior
6-Feb-2026,Legs,Lower 2B,BB Hip Thrusts,2,32.5,9,Straight,1,,Warrior
6-Feb-2026,Legs,Lower 2B,BB Hip Thrusts,3,32.5,9,Straight,1,,Warrior
6-Feb-2026,Legs,Lower 2B,DB Bulgarian Split Squats,1,12,10,Trap,1,,Warrior
6-Feb-2026,Legs,Lower 2B,DB Alt. Reverse Sprinter Lunge,1,16,9,Straight,1,,Warrior
6-Feb-2026,Legs,Lower 2B,DB Alt. Reverse Sprinter Lunge,2,16,9,Straight,1,,Warrior
6-Feb-2026,Legs,Lower 2B,DB Alt. Reverse Sprinter Lunge,3,16,9,Straight,1,,Warrior
6-Feb-2026,Legs,Lower 2B,DB Spanish Squats,1,20,10,Trap,1,,Warrior
6-Feb-2026,Legs,Lower 2B,Hamstring Curls,1,45,9,Straight,1,,Warrior
6-Feb-2026,Legs,Lower 2B,Hamstring Curls,2,45,8,Straight,1,,Warrior
6-Feb-2026,Legs,Lower 2B,Hamstring Curls,3,45,7,Straight,1,,Warrior
6-Feb-2026,Legs,Lower 2B,Seated Calf Raises,1,75,10,Trap,1,,Warrior
6-Feb-2026,Legs,Lower 2B,BB Calf Raises (Toes In),1,30,9,Straight,1,,Warrior
6-Feb-2026,Legs,Lower 2B,BB Calf Raises (Toes In),2,30,9,Straight,1,,Warrior
6-Feb-2026,Legs,Lower 2B,BB Calf Raises (Toes In),3,30,9,Straight,1,,Warrior
9-Feb-2026,Shoulders,Upper 1A,BB Push Press,1,12.5,9,Staight,1,,Warrior
9-Feb-2026,Shoulders,Upper 1A,BB Push Press,2,13.75,8,Staight,1,,Warrior
9-Feb-2026,Shoulders,Upper 1A,BB Push Press,3,13.75,7,Staight,1,,Warrior
9-Feb-2026,Back,Upper 1A,Lat Pulldowns,1,65,10,Trap,1,,Warrior
9-Feb-2026,Chest,Upper 1A,3D Crossovers,1,35,9,Straight,1,,Warrior
9-Feb-2026,Chest,Upper 1A,3D Crossovers,2,35,9,Straight,1,,Warrior
9-Feb-2026,Chest,Upper 1A,3D Crossovers,3,40,9,Straight,1,,Warrior
9-Feb-2026,Back,Upper 1A,Seated Cable Rows (Elbows Wide),1,60,10,Trap,1,,Warrior
9-Feb-2026,Shoulders,Upper 1A,DB Cheat Laterals,1,14,9,Straight,1,,Warrior
9-Feb-2026,Shoulders,Upper 1A,DB Cheat Laterals,2,12,9,Straight,1,,Warrior
9-Feb-2026,Shoulders,Upper 1A,DB Cheat Laterals,3,12,9,Straight,1,,Warrior
9-Feb-2026,Back,Upper 1A,Straight Arm Pushdowns,1,50,10,Trap,1,,Warrior
9-Feb-2026,Chest,Upper 1A,Landmine Pushaway Presses,1,30,9,Straight,1,,Warrior
9-Feb-2026,Chest,Upper 1A,Landmine Pushaway Presses,2,32.5,9,Straight,1,,Warrior
9-Feb-2026,Chest,Upper 1A,Landmine Pushaway Presses,3,32.5,9,Straight,1,,Warrior
9-Feb-2026,Biceps,Upper 1A,Standing DB Curl,1,14,10,Trap,1,12,Warrior
9-Feb-2026,Triceps,Upper 1A,Woodchopper Pushdowns,1,45,10,Straight,1,,Warrior
9-Feb-2026,Triceps,Upper 1A,Woodchopper Pushdowns,2,40,10,Straight,1,,Warrior
9-Feb-2026,Triceps,Upper 1A,Woodchopper Pushdowns,3,45,10,Straight,1,,Warrior
10-Feb-2026,Legs,Lower 1A,Alt. Reverse BB Lunges,1,15,10,Straight,1,,Warrior
10-Feb-2026,Legs,Lower 1A,Alt. Reverse BB Lunges,2,15,8,Straight,1,,Warrior
10-Feb-2026,Legs,Lower 1A,Alt. Reverse BB Lunges,3,15,10,Straight,1,,Warrior
10-Feb-2026,Legs,Lower 1A,BB Hip Thrusts,1,30,10,Trap,1,,Warrior
10-Feb-2026,Legs,Lower 1A,DB Bulgarian Split Squat Hops,1,12,8,Straight,1,,Warrior
10-Feb-2026,Legs,Lower 1A,DB Bulgarian Split Squat Hops,2,10,8,Straight,1,,Warrior
10-Feb-2026,Legs,Lower 1A,DB Bulgarian Split Squat Hops,3,10,8,Straight,1,,Warrior
10-Feb-2026,Legs,Lower 1A,Hamstring Curls,1,35,10,Trap,1,40,Warrior
10-Feb-2026,Legs,Lower 1A,DB Spanish Squats,1,24,9,Straight,1,,Warrior
10-Feb-2026,Legs,Lower 1A,DB Spanish Squats,2,24,9,Straight,1,,Warrior
10-Feb-2026,Legs,Lower 1A,DB Spanish Squats,3,24,9,Straight,1,,Warrior
10-Feb-2026,Legs,Lower 1A,BB Calf Raises (Toes Out),1,25,10,Trap,1,,Warrior
10-Feb-2026,Legs,Lower 1A,Seated Calf Raises,1,85,8,Straight,1,,Warrior
10-Feb-2026,Legs,Lower 1A,Seated Calf Raises,2,85,8,Straight,1,,Warrior
10-Feb-2026,Legs,Lower 1A,Seated Calf Raises,3,85,8,Straight,1,80,Warrior
12-Feb-2026,Back,Upper 2A,Power Pulldowns,1,75,9,Staight,1,,Warrior
12-Feb-2026,Back,Upper 2A,Power Pulldowns,2,75,8,Staight,1,,Warrior
12-Feb-2026,Back,Upper 2A,Power Pulldowns,3,75,8,Staight,1,,Warrior
12-Feb-2026,Shoulders,Upper 2A,Modified DB Bradford Press,1,12,10,Trap,1,,Warrior
12-Feb-2026,Back,Upper 2A,Meadows Row,1,22.5,8,Straight,1,,Warrior
12-Feb-2026,Back,Upper 2A,Meadows Row,2,22.5,7,Straight,1,,Warrior
12-Feb-2026,Back,Upper 2A,Meadows Row,3,20,8,Straight,1,,Warrior
12-Feb-2026,Chest,Upper 2A,Decline DB Bench Press,1,20,10,Trap,1,22,Warrior
12-Feb-2026,Back,Upper 2A,1 Arm High Cable Row,1,45,9,Straight,1,,Warrior
12-Feb-2026,Back,Upper 2A,1 Arm High Cable Row,2,50,9,Straight,1,,Warrior
12-Feb-2026,Back,Upper 2A,1 Arm High Cable Row,3,50,9,Straight,1,,Warrior
12-Feb-2026,Shoulders,Upper 2A,Cable Face Pulls,1,50,10,Trap,1,,Warrior
12-Feb-2026,Back,Upper 2A,Power Shrugs,1,32.5,9,Straight,1,,Warrior
12-Feb-2026,Back,Upper 2A,Power Shrugs,2,32.5,8,Straight,1,,Warrior
12-Feb-2026,Back,Upper 2A,Power Shrugs,3,32.5,8,Straight,1,,Warrior
12-Feb-2026,Triceps,Upper 2A,DB Incline Power Bombs,1,18,8,Trap,1,16,Warrior
12-Feb-2026,Biceps,Upper 2A,BB Cheat Curls,1,6.25,9,Straight,1,,Warrior
12-Feb-2026,Biceps,Upper 2A,BB Cheat Curls,2,6.25,9,Straight,1,,Warrior
12-Feb-2026,Biceps,Upper 2A,BB Cheat Curls,3,6.25,7,Straight,1,,Warrior
13-Feb-2026,Legs,Lower 2A,Deadlift,1,25,9,Straight,1,,Warrior
13-Feb-2026,Legs,Lower 2A,Deadlift,2,25,9,Straight,1,,Warrior
13-Feb-2026,Legs,Lower 2A,Deadlift,3,25,8,Straight,1,,Warrior
13-Feb-2026,Legs,Lower 2A,BB Front Squat,1,10,10,Trap,1,11.25,Warrior
13-Feb-2026,Legs,Lower 2A,Cable Pull Throughs,1,60,9,Straight,1,,Warrior
13-Feb-2026,Legs,Lower 2A,Cable Pull Throughs,2,60,9,Straight,1,,Warrior
13-Feb-2026,Legs,Lower 2A,Cable Pull Throughs,3,65,9,Straight,1,,Warrior
13-Feb-2026,Legs,Lower 2A,DB Reverse Lunges,1,16,10,Trap,1,,Warrior
13-Feb-2026,Legs,Lower 2A,Hamstring Curls,1,45,9,Straight,1,,Warrior
13-Feb-2026,Legs,Lower 2A,Hamstring Curls,2,45,9,Straight,1,,Warrior
13-Feb-2026,Legs,Lower 2A,Hamstring Curls,3,45,7,Straight,1,,Warrior
13-Feb-2026,Legs,Lower 2A,Seated Calf Raises,1,75,10,Trap,1,77.5,Warrior
13-Feb-2026,Legs,Lower 2A,BB Calf Raises (Toes Out),1,30,9,Straight,1,,Warrior
13-Feb-2026,Legs,Lower 2A,BB Calf Raises (Toes Out),2,32.5,9,Straight,1,,Warrior
13-Feb-2026,Legs,Lower 2A,BB Calf Raises (Toes Out),3,32.5,9,Straight,1,,Warrior
16-Feb-2026,Chest,Upper 1B,Dips,1,0,9,Staight,1,,Warrior
16-Feb-2026,Chest,Upper 1B,Dips,2,0,7,Staight,1,,Warrior
16-Feb-2026,Chest,Upper 1B,Dips,3,0,7,Staight,1,,Warrior
16-Feb-2026,Back,Upper 1B,BB Shrugs,1,25,10,Trap,1,27.5,Warrior
16-Feb-2026,Shoulders,Upper 1B,BB Hang Clean and Press,1,8.75,9,Straight,1,,Warrior
16-Feb-2026,Shoulders,Upper 1B,BB Hang Clean and Press,2,8.75,8,Straight,1,,Warrior
16-Feb-2026,Shoulders,Upper 1B,BB Hang Clean and Press,3,8.75,8,Straight,1,,Warrior
16-Feb-2026,Back,Upper 1B,Seated Cable Rows (Elbows Tight),1,60,10,Trap,1,,Warrior
16-Feb-2026,Chest,Upper 1B,Plyo Pushups,1,0,15,Straight,1,,Warrior
16-Feb-2026,Chest,Upper 1B,Plyo Pushups,2,0,11,Straight,1,,Warrior
16-Feb-2026,Chest,Upper 1B,Plyo Pushups,3,0,10,Straight,1,,Warrior
16-Feb-2026,Back,Upper 1B,Trap Pulldowns,1,55,10,Trap,1,50,Warrior
16-Feb-2026,Shoulders,Upper 1B,BB High Pulls,1,7.5,9,Straight,1,,Warrior
16-Feb-2026,Shoulders,Upper 1B,BB High Pulls,2,7.5,8,Straight,1,,Warrior
16-Feb-2026,Shoulders,Upper 1B,BB High Pulls,3,7.5,8,Straight,1,,Warrior
16-Feb-2026,Biceps,Upper 1B,DB Hammer Curls,1,12,10,Trap,1,,Warrior
16-Feb-2026,Triceps,Upper 1B,Triceps Rollback Press,1,12,9,Straight,1,,Warrior
16-Feb-2026,Triceps,Upper 1B,Triceps Rollback Press,2,12,9,Straight,1,,Warrior
16-Feb-2026,Triceps,Upper 1B,Triceps Rollback Press,3,12,8,Straight,1,,Warrior
17-Feb-2026,Legs,Lower 1B,Box Squats,1,20,9,Straight,1,,Warrior
17-Feb-2026,Legs,Lower 1B,Box Squats,2,25,9,Straight,1,,Warrior
17-Feb-2026,Legs,Lower 1B,Box Squats,3,25,9,Straight,1,,Warrior
17-Feb-2026,Legs,Lower 1B,DB Leaning Step Ups,1,0,10,Trap,1,,Warrior
17-Feb-2026,Legs,Lower 1B,DB Step Up Thrusts,1,8,9,Straight,1,,Warrior
17-Feb-2026,Legs,Lower 1B,DB Step Up Thrusts,2,8,8,Straight,1,,Warrior
17-Feb-2026,Legs,Lower 1B,DB Step Up Thrusts,3,8,9,Straight,1,,Warrior
17-Feb-2026,Legs,Lower 1B,BB RDL,1,25,9,Trap,1,22.5,Warrior
17-Feb-2026,Legs,Lower 1B,DB Side Lunges,1,8,10,Straight,1,,Warrior
17-Feb-2026,Legs,Lower 1B,DB Side Lunges,2,8,10,Straight,1,,Warrior
17-Feb-2026,Legs,Lower 1B,DB Side Lunges,3,8,10,Straight,1,,Warrior
17-Feb-2026,Legs,Lower 1B,BB Calf Raises (Toes In),1,25,10,Trap,1,,Warrior
17-Feb-2026,Legs,Lower 1B,Seated Calf Raises,1,80,9,Straight,1,,Warrior
17-Feb-2026,Legs,Lower 1B,Seated Calf Raises,2,80,8,Straight,1,,Warrior
17-Feb-2026,Legs,Lower 1B,Seated Calf Raises,3,80,8,Straight,1,,Warrior
19-Feb-2026,Back,Upper 2B,BB Dead Row,1,15,9,Staight,1,,Warrior
19-Feb-2026,Back,Upper 2B,BB Dead Row,2,15,9,Staight,1,,Warrior
19-Feb-2026,Back,Upper 2B,BB Dead Row,3,15,9,Staight,1,,Warrior
19-Feb-2026,Chest,Upper 2B,Incline DB Bench Press,1,20,10,Trap,1,22,Warrior
19-Feb-2026,Back,Upper 2B,Rocking Pulldown,1,70,10,Straight,1,,Warrior
19-Feb-2026,Back,Upper 2B,Rocking Pulldown,2,75,8,Straight,1,,Warrior
19-Feb-2026,Back,Upper 2B,Rocking Pulldown,3,75,8,Straight,1,,Warrior
19-Feb-2026,Shoulders,Upper 2B,DB Arnold Press,1,16,10,Trap,1,,Warrior
19-Feb-2026,Back,Upper 2B,Angled Trap Shrugs,1,60,9,Straight,1,,Warrior
19-Feb-2026,Back,Upper 2B,Angled Trap Shrugs,2,65,9,Straight,1,,Warrior
19-Feb-2026,Back,Upper 2B,Angled Trap Shrugs,3,65,8,Straight,1,,Warrior
19-Feb-2026,Chest,Upper 2B,Cable Crossover,1,40,10,Trap,1,,Warrior
19-Feb-2026,Back,Upper 2B,DB Renegade Row,1,14,9,Straight,1,,Warrior
19-Feb-2026,Back,Upper 2B,DB Renegade Row,2,14,9,Straight,1,,Warrior
19-Feb-2026,Back,Upper 2B,DB Renegade Row,3,14,8,Straight,1,,Warrior
19-Feb-2026,Triceps,Upper 2B,Triceps Pushdowns,1,40,10,Trap,1,,Warrior
19-Feb-2026,Back,Upper 2B,Chin Ups,1,0,7,Straight,1,,Warrior
19-Feb-2026,Back,Upper 2B,Chin Ups,2,0,6,Straight,1,,Warrior
19-Feb-2026,Back,Upper 2B,Chin Ups,3,0,5,Straight,1,,Warrior
20-Feb-2026,Legs,Lower 2B,BB Hip Thrusts,1,35,9,Straight,1,,Warrior
20-Feb-2026,Legs,Lower 2B,BB Hip Thrusts,2,35,8,Straight,1,,Warrior
20-Feb-2026,Legs,Lower 2B,BB Hip Thrusts,3,35,8,Straight,1,,Warrior
20-Feb-2026,Legs,Lower 2B,DB Bulgarian Split Squats,1,12,10,Trap,1,,Warrior
20-Feb-2026,Legs,Lower 2B,DB Alt. Reverse Sprinter Lunge,1,16,9,Straight,1,,Warrior
20-Feb-2026,Legs,Lower 2B,DB Alt. Reverse Sprinter Lunge,2,16,9,Straight,1,,Warrior
20-Feb-2026,Legs,Lower 2B,DB Alt. Reverse Sprinter Lunge,3,16,9,Straight,1,,Warrior
20-Feb-2026,Legs,Lower 2B,DB Spanish Squats,1,22,10,Trap,1,24,Warrior
20-Feb-2026,Legs,Lower 2B,Hamstring Curls,1,45,9,Straight,1,,Warrior
20-Feb-2026,Legs,Lower 2B,Hamstring Curls,2,45,9,Straight,1,,Warrior
20-Feb-2026,Legs,Lower 2B,Hamstring Curls,3,45,8,Straight,1,,Warrior
20-Feb-2026,Legs,Lower 2B,Seated Calf Raises,1,80,10,Trap,1,,Warrior
20-Feb-2026,Legs,Lower 2B,BB Calf Raises (Toes In),1,32.5,8,Straight,1,,Warrior
20-Feb-2026,Legs,Lower 2B,BB Calf Raises (Toes In),2,32.5,8,Straight,1,,Warrior
20-Feb-2026,Legs,Lower 2B,BB Calf Raises (Toes In),3,32.5,8,Straight,1,,Warrior
23-Feb-2026,Chest,Total Body 1A,DB Bench Press,1,24,12,ER 20,2,5 sets,Warrior
23-Feb-2026,Back,Total Body 1A,Lat Pulldowns,1,75,8,ER 10,2,4 sets,Warrior
23-Feb-2026,Shoulders,Total Body 1A,BB OHP,1,10,7,2 RIR,2,,Warrior
23-Feb-2026,Shoulders,Total Body 1A,BB OHP,2,8.75,8,1 RIR,2,,Warrior
23-Feb-2026,Shoulders,Total Body 1A,BB OHP,3,8.75,7,F,2,,Warrior
23-Feb-2026,Legs,Total Body 1A,BB Squats,1,25,9,2 RIR,2,26.25,Warrior
23-Feb-2026,Legs,Total Body 1A,BB Squats,2,25,10,1 RIR,2,,Warrior
23-Feb-2026,Legs,Total Body 1A,BB Squats,3,26.25,9,F,2,,Warrior
23-Feb-2026,Legs,Total Body 1A,Leaning Bulgarian Split Squats,1,16,8,2 RIR,2,,Warrior
23-Feb-2026,Legs,Total Body 1A,Leaning Bulgarian Split Squats,2,16,8,1 RIR,2,,Warrior
23-Feb-2026,Legs,Total Body 1A,Leaning Bulgarian Split Squats,3,16,8,F,2,,Warrior
23-Feb-2026,Biceps,Total Body 1A,Standing DB Curl,1,14,10,KS Combo,2,4 sets,Warrior
23-Feb-2026,Triceps,Total Body 1A,Triceps Pushdowns,1,45,10,KS Combo,2,4 sets,Warrior
25-Feb-2026,Legs,Total Body 2A,DB Bulgarian Split Squats,1,12,12,ER 20,2,"4 sets, 14",Warrior
25-Feb-2026,Shoulders,Total Body 2A,DB Side Lateral Raises,1,14,8,ER 10,2,4 sets,Warrior
25-Feb-2026,Legs,Total Body 2A,BB Hip Thrusts,1,32.5,12,ER 20,2,2 sets,Warrior
25-Feb-2026,Triceps,Total Body 2A,Lying DB/EZ Bar Tricep Extensions,1,12,10,2 RIR,2,Stick to 12,Warrior
25-Feb-2026,Triceps,Total Body 2A,Lying DB/EZ Bar Tricep Extensions,2,14,8,1 RIR,2,,Warrior
25-Feb-2026,Triceps,Total Body 2A,Lying DB/EZ Bar Tricep Extensions,3,14,6,F,2,,Warrior
25-Feb-2026,Biceps,Total Body 2A,DB Drag Curls,1,16,8,2 RIR,2,,Warrior
25-Feb-2026,Biceps,Total Body 2A,DB Drag Curls,2,16,6,1 RIR,2,,Warrior
25-Feb-2026,Biceps,Total Body 2A,DB Drag Curls,3,14,7,F,2,,Warrior
25-Feb-2026,Chest,Total Body 2A,X-Crossovers,1,45,10,KS Combo,2,4 sets,Warrior
25-Feb-2026,Back,Total Body 2A,Wrap Around Row,1,30,10,KS Combo,2,4 sets,Warrior
27-Feb-2026,Triceps,Total Body 3A,DB JM Press,1,22,12,ER 20,2,4 sets,Warrior
27-Feb-2026,Biceps,Total Body 3A,BB Curls,1,6.25,8,ER 10,2,"4 sets, 7.5",Warrior
27-Feb-2026,Chest,Total Body 3A,DB Thumbs Up Incline Bench Press,1,26,8,2 RIR,2,,Warrior
27-Feb-2026,Chest,Total Body 3A,DB Thumbs Up Incline Bench Press,2,26,8,1 RIR,2,,Warrior
27-Feb-2026,Chest,Total Body 3A,DB Thumbs Up Incline Bench Press,3,26,7,F,2,,Warrior
27-Feb-2026,Back,Total Body 3A,DB Tripod Rows,1,26,10,2 RIR,2,26.25,Warrior
27-Feb-2026,Back,Total Body 3A,DB Tripod Rows,2,30,9,1 RIR,2,,Warrior
27-Feb-2026,Back,Total Body 3A,DB Tripod Rows,3,30,9,F,2,,Warrior
27-Feb-2026,Shoulders,Total Body 3A,DB Rear Delt Rows,1,12,8,2 RIR,2,,Warrior
27-Feb-2026,Shoulders,Total Body 3A,DB Rear Delt Rows,2,12,8,1 RIR,2,,Warrior
27-Feb-2026,Shoulders,Total Body 3A,DB Rear Delt Rows,3,12,7,F,2,,Warrior
27-Feb-2026,Legs,Total Body 3A,DB Spanish Squats,1,24,10,KS Combo,2,4 sets,Warrior
27-Feb-2026,Legs,Total Body 3A,DB RDL,1,24,10,KS Combo,2,4 sets,Warrior
2-Mar-2026,Chest,Total Body 1B,Lat Pulldowns,1,65,12,ER 20,2,5 sets,Warrior
2-Mar-2026,Back,Total Body 1B,DB Bench Press,1,26,8,ER 10,2,"3 sets, 28",Warrior
2-Mar-2026,Shoulders,Total Body 1B,BB OHP,1,8.75,9,2 RIR,2,,Warrior
2-Mar-2026,Shoulders,Total Body 1B,BB OHP,2,8.75,8,1 RIR,2,,Warrior
2-Mar-2026,Shoulders,Total Body 1B,BB OHP,3,8.75,8,F,2,,Warrior
2-Mar-2026,Legs,Total Body 1B,BB Squats,1,26.25,10,2 RIR,2,26.25,Warrior
2-Mar-2026,Legs,Total Body 1B,BB Squats,2,26.25,9,1 RIR,2,,Warrior
2-Mar-2026,Legs,Total Body 1B,BB Squats,3,26.25,9,F,2,,Warrior
2-Mar-2026,Legs,Total Body 1B,Leaning Bulgarian Split Squats,1,16,8,2 RIR,2,,Warrior
2-Mar-2026,Legs,Total Body 1B,Leaning Bulgarian Split Squats,2,16,8,1 RIR,2,,Warrior
2-Mar-2026,Legs,Total Body 1B,Leaning Bulgarian Split Squats,3,16,8,F,2,,Warrior
2-Mar-2026,Biceps,Total Body 1B,DB Spider Curls,1,14,10,KS Combo,2,4 sets,Warrior
2-Mar-2026,Triceps,Total Body 1B,DB Incline Power Bombs,1,16,10,KS Combo,2,4 sets,Warrior
4-Mar-2026,Shoulders,Total Body 2B,DB Side Lateral Raises,1,12,12,ER 20,2,4 sets,Warrior
4-Mar-2026,Legs,Total Body 2B,DB Bulgarian Split Squats,1,16,8,ER 10,2,2 sets,Warrior
4-Mar-2026,Legs,Total Body 2B,BB Hip Thrusts,1,32.5,12,ER 20,2,2 sets,Warrior
4-Mar-2026,Triceps,Total Body 2B,Lying DB/EZ Bar Tricep Extensions,1,14,9,2 RIR,2,,Warrior
4-Mar-2026,Triceps,Total Body 2B,Lying DB/EZ Bar Tricep Extensions,2,14,8,1 RIR,2,,Warrior
4-Mar-2026,Triceps,Total Body 2B,Lying DB/EZ Bar Tricep Extensions,3,14,7,F,2,,Warrior
4-Mar-2026,Biceps,Total Body 2B,DB Drag Curls,1,14,10,2 RIR,2,,Warrior
4-Mar-2026,Biceps,Total Body 2B,DB Drag Curls,2,14,8,1 RIR,2,,Warrior
4-Mar-2026,Biceps,Total Body 2B,DB Drag Curls,3,14,7,F,2,,Warrior
4-Mar-2026,Chest,Total Body 2B,Dips,1,0,10,KS Combo,2,4 sets,Warrior
4-Mar-2026,Back,Total Body 2B,DB Alt. Gorilla Rows,1,30,10,KS Combo,2,4 sets,Warrior
6-Mar-2026,Biceps,Total Body 3B,BB Curls,1,6.25,12,ER 20,2,6 sets,Warrior
6-Mar-2026,Triceps,Total Body 3B,DB JM Press,1,24,8,ER 10,2,3 sets,Warrior
6-Mar-2026,Chest,Total Body 3B,DB Thumbs Up Incline Bench Press,1,26,8,2 RIR,2,,Warrior
6-Mar-2026,Chest,Total Body 3B,DB Thumbs Up Incline Bench Press,2,26,8,1 RIR,2,,Warrior
6-Mar-2026,Chest,Total Body 3B,DB Thumbs Up Incline Bench Press,3,26,8,F,2,,Warrior
6-Mar-2026,Back,Total Body 3B,DB Tripod Rows,1,32,8,2 RIR,2,26.25,Warrior
6-Mar-2026,Back,Total Body 3B,DB Tripod Rows,2,32,8,1 RIR,2,,Warrior
6-Mar-2026,Back,Total Body 3B,DB Tripod Rows,3,32,8,F,2,,Warrior
6-Mar-2026,Shoulders,Total Body 3B,DB Rear Delt Rows,1,12,7,2 RIR,2,,Warrior
6-Mar-2026,Shoulders,Total Body 3B,DB Rear Delt Rows,2,10,8,1 RIR,2,,Warrior
6-Mar-2026,Shoulders,Total Body 3B,DB Rear Delt Rows,3,10,8,F,2,,Warrior
6-Mar-2026,Legs,Total Body 3B,Alt. Reverse DB Lunges,1,16,10,KS Combo,2,4 sets,Warrior
6-Mar-2026,Legs,Total Body 3B,Alt. DB Leaning Step Ups,1,0,10,KS Combo,2,"4 sets, 8",Warrior
9-Mar-2026,Chest,Total Body 4A,Cable Crossover,1,45,12,ER 20,2,5 sets,Warrior
9-Mar-2026,Back,Total Body 4A,Seated Cable Rows (Elbows Wide),1,70,8,ER 10,2,3 sets,Warrior
9-Mar-2026,Shoulders,Total Body 4A,Cable Lateral Raises,1,15,10,2 RIR,2,17.5 kg,Warrior
9-Mar-2026,Shoulders,Total Body 4A,Cable Lateral Raises,2,15,10,1 RIR,2,,Warrior
9-Mar-2026,Shoulders,Total Body 4A,Cable Lateral Raises,3,15,10,F,2,,Warrior
9-Mar-2026,Legs,Total Body 4A,Alt. Reverse BB Lunges,1,15,9,2 RIR,2,,Warrior
9-Mar-2026,Legs,Total Body 4A,Alt. Reverse BB Lunges,2,15,9,1 RIR,2,,Warrior
9-Mar-2026,Legs,Total Body 4A,Alt. Reverse BB Lunges,3,15,8,F,2,,Warrior
9-Mar-2026,Legs,Total Body 4A,Hamstring Curls,1,45,10,2 RIR,2,,Warrior
9-Mar-2026,Legs,Total Body 4A,Hamstring Curls,2,45,9,1 RIR,2,,Warrior
9-Mar-2026,Legs,Total Body 4A,Hamstring Curls,3,45,9,F,2,,Warrior
9-Mar-2026,Biceps,Total Body 4A,Standing DB Curl,1,14,10,KS Combo,2,4 sets,Warrior
9-Mar-2026,Triceps,Total Body 4A,Triceps Pushdowns,1,45,10,KS Combo,2,4 sets,Warrior
11-Mar-2026,Legs,Total Body 5A,DB Step Ups,1,8,12,ER 20,2,4 sets,Warrior
11-Mar-2026,Shoulders,Total Body 5A,DB Push Press,1,18,8,ER 10,2,"3 sets, 20",Warrior
11-Mar-2026,Legs,Total Body 5A,BB RDL,1,23.75,12,ER 20,2,4 sets,Warrior
11-Mar-2026,Triceps,Total Body 5A,Close Grip Bench Press,1,17.5,8,2 RIR,2,,Warrior
11-Mar-2026,Triceps,Total Body 5A,Close Grip Bench Press,2,17.5,8,1 RIR,2,,Warrior
11-Mar-2026,Triceps,Total Body 5A,Close Grip Bench Press,3,17.5,8,F,2,,Warrior
11-Mar-2026,Biceps,Total Body 5A,Weighted Chins,1,0,5,2 RIR,2,,Warrior
11-Mar-2026,Biceps,Total Body 5A,Weighted Chins,2,0,4,1 RIR,2,,Warrior
11-Mar-2026,Biceps,Total Body 5A,Weighted Chins,3,0,4,F,2,,Warrior
11-Mar-2026,Chest,Total Body 5A,X-Crossovers,1,45,10,KS Combo,2,5 sets,Warrior
11-Mar-2026,Back,Total Body 5A,Wrap Around Row,1,35,10,KS Combo,2,5 sets,Warrior
13-Mar-2026,Triceps,Total Body 6A,Triceps Pushdowns,1,45,12,ER 20,2,5 sets,Warrior
13-Mar-2026,Biceps,Total Body 6A,DB Hammer Curls,1,14,8,ER 10,2,4 sets,Warrior
13-Mar-2026,Chest,Total Body 6A,BB Incline Bench Press,1,15,10,2 RIR,2,,Warrior
13-Mar-2026,Chest,Total Body 6A,BB Incline Bench Press,2,17.5,8,1 RIR,2,,Warrior
13-Mar-2026,Chest,Total Body 6A,BB Incline Bench Press,3,17.5,8,F,2,,Warrior
13-Mar-2026,Back,Total Body 6A,BB Rows,1,17.5,10,2 RIR,2,,Warrior
13-Mar-2026,Back,Total Body 6A,BB Rows,2,20,8,1 RIR,2,,Warrior
13-Mar-2026,Back,Total Body 6A,BB Rows,3,20,8,F,2,,Warrior
13-Mar-2026,Shoulders,Total Body 6A,DB High Pulls,1,16,10,2 RIR,2,,Warrior
13-Mar-2026,Shoulders,Total Body 6A,DB High Pulls,2,18,8,1 RIR,2,,Warrior
13-Mar-2026,Shoulders,Total Body 6A,DB High Pulls,3,18,8,F,2,,Warrior
13-Mar-2026,Legs,Total Body 6A,DB Spanish Squats,1,26,10,KS Combo,2,"3 sets, 24",Warrior
13-Mar-2026,Legs,Total Body 6A,DB RDL,1,26,10,KS Combo,2,"3 sets, 24",Warrior
16-Mar-2026,Back,Total Body 4B,Seated Cable Rows (Elbows Wide),1,65,12,ER 20,2,5 sets,Warrior
16-Mar-2026,Chest,Total Body 4B,Cable Crossover,1,50,8,ER 10,2,4 sets,Warrior
16-Mar-2026,Shoulders,Total Body 4B,Cable Lateral Raises,1,17.5,10,2 RIR,2,17.5 kg,Warrior
16-Mar-2026,Shoulders,Total Body 4B,Cable Lateral Raises,2,17.5,10,1 RIR,2,,Warrior
16-Mar-2026,Shoulders,Total Body 4B,Cable Lateral Raises,3,17.5,10,F,2,,Warrior
16-Mar-2026,Legs,Total Body 4B,Alt. Reverse BB Lunges,1,16.25,10,2 RIR,2,,Warrior
16-Mar-2026,Legs,Total Body 4B,Alt. Reverse BB Lunges,2,16.25,9,1 RIR,2,,Warrior
16-Mar-2026,Legs,Total Body 4B,Alt. Reverse BB Lunges,3,16.25,8,F,2,,Warrior
16-Mar-2026,Legs,Total Body 4B,Hamstring Curls,1,50,8,2 RIR,2,,Warrior
16-Mar-2026,Legs,Total Body 4B,Hamstring Curls,2,50,8,1 RIR,2,,Warrior
16-Mar-2026,Legs,Total Body 4B,Hamstring Curls,3,50,7,F,2,,Warrior
16-Mar-2026,Biceps,Total Body 4B,DB Spider Curls,1,14,10,KS Combo,2,4 sets,Warrior
16-Mar-2026,Triceps,Total Body 4B,DB Incline Power Bombs,1,16,10,KS Combo,2,4 sets,Warrior
18-Mar-2026,Shoulders,Total Body 5B,DB Push Press,1,18,12,ER 20,2,4 sets,Warrior
18-Mar-2026,Legs,Total Body 5B,DB Step Ups,1,10,8,ER 10,2,2 sets,Warrior
18-Mar-2026,Legs,Total Body 5B,BB RDL,1,23.75,8,ER 10,2,"2 sets, 25",Warrior
18-Mar-2026,Triceps,Total Body 5B,Close Grip Bench Press,1,17.5,9,2 RIR,2,,Warrior
18-Mar-2026,Triceps,Total Body 5B,Close Grip Bench Press,2,17.5,9,1 RIR,2,,Warrior
18-Mar-2026,Triceps,Total Body 5B,Close Grip Bench Press,3,17.5,9,F,2,,Warrior
18-Mar-2026,Biceps,Total Body 5B,Weighted Chins,1,0,6,2 RIR,2,,Warrior
18-Mar-2026,Biceps,Total Body 5B,Weighted Chins,2,0,5,1 RIR,2,,Warrior
18-Mar-2026,Biceps,Total Body 5B,Weighted Chins,3,0,5,F,2,,Warrior
18-Mar-2026,Chest,Total Body 5B,Dips,1,0,10,KS Combo,2,4 sets,Warrior
18-Mar-2026,Back,Total Body 5B,DB Alt. Gorilla Rows,1,30,10,KS Combo,2,4 sets,Warrior
19-Mar-2026,Biceps,Total Body 6B,DB Hammer Curls,1,14,12,ER 20,2,5 sets,Warrior
19-Mar-2026,Triceps,Total Body 6B,Triceps Pushdowns,1,50,8,ER 10,2,4 sets,Warrior
19-Mar-2026,Chest,Total Body 6B,BB Incline Bench Press,1,18.75,8,2 RIR,2,,Warrior
19-Mar-2026,Chest,Total Body 6B,BB Incline Bench Press,2,18.75,7,1 RIR,2,,Warrior
19-Mar-2026,Chest,Total Body 6B,BB Incline Bench Press,3,18.75,6,F,2,,Warrior
19-Mar-2026,Back,Total Body 6B,BB Rows,1,20,8,2 RIR,2,,Warrior
19-Mar-2026,Back,Total Body 6B,BB Rows,2,20,8,1 RIR,2,,Warrior
19-Mar-2026,Back,Total Body 6B,BB Rows,3,20,8,F,2,,Warrior
19-Mar-2026,Shoulders,Total Body 6B,DB High Pulls,1,18,8,2 RIR,2,,Warrior
19-Mar-2026,Shoulders,Total Body 6B,DB High Pulls,2,18,8,1 RIR,2,,Warrior
19-Mar-2026,Shoulders,Total Body 6B,DB High Pulls,3,18,8,F,2,,Warrior
19-Mar-2026,Legs,Total Body 6B,Alt. Reverse DB Lunges,1,16,10,KS Combo,2,4 sets,Warrior
19-Mar-2026,Legs,Total Body 6B,Alt. DB Leaning Step Ups,1,0,10,KS Combo,2,"4 sets, 8",Warrior
23-Mar-2026,Chest,Push 1,BB Bench Press,1,30,1,90% 1RM,3,,Warrior
23-Mar-2026,Chest,Push 1,BB Bench Press,2,25,6,80% 1RM,3,,Warrior
23-Mar-2026,Chest,Push 1,BB Bench Press,3,28.75,1,90% 1RM,3,,Warrior
23-Mar-2026,Chest,Push 1,BB Bench Press,4,23.75,6,80% 1RM,3,22.5,Warrior
23-Mar-2026,Chest,Push 1,BB Bench Press,5,28.75,1,90% 1RM,3,27.5,Warrior
23-Mar-2026,Shoulders,Push 1,BB OHP,1,11.25,1,90% 1RM,3,,Warrior
23-Mar-2026,Shoulders,Push 1,BB OHP,2,11.25,6,80% 1RM,3,,Warrior
23-Mar-2026,Shoulders,Push 1,BB OHP,3,13.75,1,90% 1RM,3,,Warrior
23-Mar-2026,Shoulders,Push 1,BB OHP,4,11.25,6,80% 1RM,3,12.5,Warrior
23-Mar-2026,Shoulders,Push 1,BB OHP,5,13.75,1,90% 1RM,3,15,Warrior
23-Mar-2026,Chest,Push 1,Dips,1,0,10,10-12+partial,3,,Warrior
23-Mar-2026,Chest,Push 1,Dips,2,0,8,10-12+partial,3,,Warrior
23-Mar-2026,Chest,Push 1,Dips,3,0,7,10-12+partial,3,,Warrior
23-Mar-2026,Shoulders,Push 1,Cable Lateral Raises,1,17.5,8,10-12+partial,3,,Warrior
23-Mar-2026,Shoulders,Push 1,Cable Lateral Raises,2,17.5,7,10-12+partial,3,,Warrior
23-Mar-2026,Shoulders,Push 1,Cable Lateral Raises,3,17.5,7,10-12+partial,3,,Warrior
23-Mar-2026,Triceps,Push 1,Cable Overhead Triceps Extension,1,50,6,10-12+partial,3,,Warrior
23-Mar-2026,Triceps,Push 1,Cable Overhead Triceps Extension,2,40,7,10-12+partial,3,,Warrior
23-Mar-2026,Triceps,Push 1,Cable Overhead Triceps Extension,2,35,9,10-12+partial,3,,Warrior
23-Mar-2026,Chest,Push 1,Hover Hold,3,0,1,3 min,3,,Warrior
25-Mar-2026,Back,Pull 1,Deadlift,1,35,1,90% 1RM,3,,Warrior
25-Mar-2026,Back,Pull 1,Deadlift,2,30,6,80% 1RM,3,,Warrior
25-Mar-2026,Back,Pull 1,Deadlift,3,35,1,90% 1RM,3,,Warrior
25-Mar-2026,Back,Pull 1,Deadlift,4,30,6,80% 1RM,3,,Warrior
25-Mar-2026,Back,Pull 1,Deadlift,5,35,1,90% 1RM,3,,Warrior
25-Mar-2026,Back,Pull 1,Chest Supported BB Rows,1,27.5,1,90% 1RM,3,,Warrior
25-Mar-2026,Back,Pull 1,Chest Supported BB Rows,2,27.5,6,80% 1RM,3,,Warrior
25-Mar-2026,Back,Pull 1,Chest Supported BB Rows,3,30,1,90% 1RM,3,,Warrior
25-Mar-2026,Back,Pull 1,Chest Supported BB Rows,4,30,6,80% 1RM,3,,Warrior
25-Mar-2026,Back,Pull 1,Chest Supported BB Rows,5,32.5,1,90% 1RM,3,,Warrior
25-Mar-2026,Back,Pull 1,1 Arm High Cable Row,1,50,11,10-12+partial,3,,Warrior
25-Mar-2026,Back,Pull 1,1 Arm High Cable Row,2,50,11,10-12+partial,3,,Warrior
25-Mar-2026,Back,Pull 1,1 Arm High Cable Row,3,50,11,10-12+partial,3,,Warrior
25-Mar-2026,Shoulders,Pull 1,Face Pulldowns,1,40,10,10-12+partial,3,,Warrior
25-Mar-2026,Shoulders,Pull 1,Face Pulldowns,2,40,10,10-12+partial,3,,Warrior
25-Mar-2026,Shoulders,Pull 1,Face Pulldowns,3,40,10,10-12+partial,3,,Warrior
25-Mar-2026,Biceps,Pull 1,Rope Curls,1,40,10,10-12+partial,3,,Warrior
25-Mar-2026,Biceps,Pull 1,Rope Curls,2,40,8,10-12+partial,3,,Warrior
25-Mar-2026,Biceps,Pull 1,Rope Curls,2,40,8,10-12+partial,3,,Warrior
25-Mar-2026,Biceps,Pull 1,Flexed Arm Hang,3,0,1,3 min,3,,Warrior
27-Mar-2026,Legs,Legs 1,BB Squats,1,31.25,1,90% 1RM,3,33.75,Warrior
27-Mar-2026,Legs,Legs 1,BB Squats,2,28.75,6,80% 1RM,3,,Warrior
27-Mar-2026,Legs,Legs 1,BB Squats,3,31.25,1,90% 1RM,3,,Warrior
27-Mar-2026,Legs,Legs 1,BB Squats,4,28.75,6,80% 1RM,3,,Warrior
27-Mar-2026,Legs,Legs 1,BB Squats,5,32.5,1,90% 1RM,3,,Warrior
27-Mar-2026,Legs,Legs 1,BB RDL,1,27.5,1,90% 1RM,3,,Warrior
27-Mar-2026,Legs,Legs 1,BB RDL,2,27.5,6,80% 1RM,3,,Warrior
27-Mar-2026,Legs,Legs 1,BB RDL,3,33.75,1,90% 1RM,3,,Warrior
27-Mar-2026,Legs,Legs 1,BB RDL,4,27.5,6,80% 1RM,3,,Warrior
27-Mar-2026,Legs,Legs 1,BB RDL,5,33.75,1,90% 1RM,3,,Warrior
27-Mar-2026,Legs,Legs 1,DB Bulgarian Split Squats,1,16,11,10-12+partial,3,,Warrior
27-Mar-2026,Legs,Legs 1,DB Bulgarian Split Squats,2,16,10,10-12+partial,3,,Warrior
27-Mar-2026,Legs,Legs 1,DB Bulgarian Split Squats,3,16,10,10-12+partial,3,,Warrior
27-Mar-2026,Legs,Legs 1,Hamstring Curls,1,45,12,10-12+partial,3,,Warrior
27-Mar-2026,Legs,Legs 1,Hamstring Curls,2,45,9,10-12+partial,3,,Warrior
27-Mar-2026,Legs,Legs 1,Hamstring Curls,3,45,7,10-12+partial,3,,Warrior
27-Mar-2026,Legs,Legs 1,BB Calf Raises (Toes Out),1,32.5,11,10-12+partial,3,,Warrior
27-Mar-2026,Legs,Legs 1,BB Calf Raises (Toes Out),2,33.75,10,10-12+partial,3,,Warrior
27-Mar-2026,Legs,Legs 1,BB Calf Raises (Toes Out),2,33.75,10,10-12+partial,3,,Warrior
27-Mar-2026,Legs,Legs 1,Wall Sits,3,0,1,3 min,3,,Warrior
30-Mar-2026,Chest,Push 2,BB Bench Press,1,30,1,90% 1RM,3,,Warrior
30-Mar-2026,Chest,Push 2,BB Bench Press,2,25,6,80% 1RM,3,,Warrior
30-Mar-2026,Chest,Push 2,BB Bench Press,3,30,1,90% 1RM,3,,Warrior
30-Mar-2026,Chest,Push 2,BB Bench Press,4,25,6,80% 1RM,3,,Warrior
30-Mar-2026,Chest,Push 2,BB Bench Press,5,30,1,90% 1RM,3,,Warrior
30-Mar-2026,Shoulders,Push 2,BB OHP,1,15,1,90% 1RM,3,,Warrior
30-Mar-2026,Shoulders,Push 2,BB OHP,2,13.75,6,80% 1RM,3,,Warrior
30-Mar-2026,Shoulders,Push 2,BB OHP,3,16.25,1,90% 1RM,3,,Warrior
30-Mar-2026,Shoulders,Push 2,BB OHP,4,12.5,6,80% 1RM,3,,Warrior
30-Mar-2026,Shoulders,Push 2,BB OHP,5,16.25,1,90% 1RM,3,,Warrior
30-Mar-2026,Chest,Push 2,X-Crossovers,1,45,12,10-12+partial,3,,Warrior
30-Mar-2026,Chest,Push 2,X-Crossovers,2,50,8,10-12+partial,3,,Warrior
30-Mar-2026,Chest,Push 2,X-Crossovers,3,50,7,10-12+partial,3,,Warrior
30-Mar-2026,Shoulders,Push 2,Cable Stretch Front Raises,1,17.5,8,10-12+partial,3,,Warrior
30-Mar-2026,Shoulders,Push 2,Cable Stretch Front Raises,2,15,9,10-12+partial,3,,Warrior
30-Mar-2026,Shoulders,Push 2,Cable Stretch Front Raises,3,15,9,10-12+partial,3,,Warrior
30-Mar-2026,Triceps,Push 2,DB Incline Power Bombs,1,20,12,10-12+partial,3,,Warrior
30-Mar-2026,Triceps,Push 2,DB Incline Power Bombs,2,22,10,10-12+partial,3,,Warrior
30-Mar-2026,Triceps,Push 2,DB Incline Power Bombs,2,22,10,10-12+partial,3,,Warrior
30-Mar-2026,Chest,Push 2,Hover Hold,3,0,1,3 min,3,,Warrior
1-Apr-2026,Back,Pull 2,Deadlift,1,35,1,90% 1RM,3,,Warrior
1-Apr-2026,Back,Pull 2,Deadlift,2,30,6,80% 1RM,3,,Warrior
1-Apr-2026,Back,Pull 2,Deadlift,3,35,1,90% 1RM,3,,Warrior
1-Apr-2026,Back,Pull 2,Deadlift,4,30,6,80% 1RM,3,,Warrior
1-Apr-2026,Back,Pull 2,Deadlift,5,35,1,90% 1RM,3,,Warrior
1-Apr-2026,Back,Pull 2,Chest Supported BB Rows,1,32.5,1,90% 1RM,3,,Warrior
1-Apr-2026,Back,Pull 2,Chest Supported BB Rows,2,30,6,80% 1RM,3,,Warrior
1-Apr-2026,Back,Pull 2,Chest Supported BB Rows,3,32.5,1,90% 1RM,3,,Warrior
1-Apr-2026,Back,Pull 2,Chest Supported BB Rows,4,30,6,80% 1RM,3,,Warrior
1-Apr-2026,Back,Pull 2,Chest Supported BB Rows,5,32.5,1,90% 1RM,3,,Warrior
1-Apr-2026,Back,Pull 2,Straight Arm Pushdowns,1,55,10,10-12+partial,3,,Warrior
1-Apr-2026,Back,Pull 2,Straight Arm Pushdowns,2,55,9,10-12+partial,3,,Warrior
1-Apr-2026,Back,Pull 2,Straight Arm Pushdowns,3,55,11,10-12+partial,3,,Warrior
1-Apr-2026,Back,Pull 2,Meadows Row,1,20,12,10-12+partial,3,,Warrior
1-Apr-2026,Back,Pull 2,Meadows Row,2,20,10,10-12+partial,3,,Warrior
1-Apr-2026,Back,Pull 2,Meadows Row,3,20,10,10-12+partial,3,,Warrior
1-Apr-2026,Biceps,Pull 2,Biceps Cable Curls,1,40,12,10-12+partial,3,,Warrior
1-Apr-2026,Biceps,Pull 2,Biceps Cable Curls,2,45,9,10-12+partial,3,,Warrior
1-Apr-2026,Biceps,Pull 2,Biceps Cable Curls,2,45,8,10-12+partial,3,,Warrior
1-Apr-2026,Biceps,Pull 2,Flexed Arm Hang,3,0,1,3 min,3,,Warrior
3-Apr-2026,Legs,Legs 2,BB Squats,1,32.5,1,90% 1RM,3,33.75,Warrior
3-Apr-2026,Legs,Legs 2,BB Squats,2,27.5,6,80% 1RM,3,,Warrior
3-Apr-2026,Legs,Legs 2,BB Squats,3,32.5,1,90% 1RM,3,,Warrior
3-Apr-2026,Legs,Legs 2,BB Squats,4,27.5,6,80% 1RM,3,,Warrior
3-Apr-2026,Legs,Legs 2,BB Squats,5,32.5,1,90% 1RM,3,,Warrior
3-Apr-2026,Legs,Legs 2,BB RDL,1,35,1,90% 1RM,3,,Warrior
3-Apr-2026,Legs,Legs 2,BB RDL,2,30,6,80% 1RM,3,,Warrior
3-Apr-2026,Legs,Legs 2,BB RDL,3,35,1,90% 1RM,3,,Warrior
3-Apr-2026,Legs,Legs 2,BB RDL,4,30,6,80% 1RM,3,,Warrior
3-Apr-2026,Legs,Legs 2,BB RDL,5,35,1,90% 1RM,3,,Warrior
3-Apr-2026,Legs,Legs 2,DB Step Ups,1,10,10,10-12+partial,3,,Warrior
3-Apr-2026,Legs,Legs 2,DB Step Ups,2,10,10,10-12+partial,3,,Warrior
3-Apr-2026,Legs,Legs 2,DB Step Ups,3,10,10,10-12+partial,3,,Warrior
3-Apr-2026,Legs,Legs 2,Single Leg Cable RDL's,1,50,10,10-12+partial,3,,Warrior
3-Apr-2026,Legs,Legs 2,Single Leg Cable RDL's,2,50,10,10-12+partial,3,,Warrior
3-Apr-2026,Legs,Legs 2,Single Leg Cable RDL's,3,50,10,10-12+partial,3,,Warrior
3-Apr-2026,Legs,Legs 2,Seated Calf Raises,1,85,12,10-12+partial,3,,Warrior
3-Apr-2026,Legs,Legs 2,Seated Calf Raises,2,85,12,10-12+partial,3,,Warrior
3-Apr-2026,Legs,Legs 2,Seated Calf Raises,2,85,12,10-12+partial,3,,Warrior
3-Apr-2026,Legs,Legs 2,Wall Sits,3,0,1,3 min,3,,Warrior
6-Apr-2026,Chest,Push 1,BB Bench Press,1,30,1,90% 1RM,3,,Warrior
6-Apr-2026,Chest,Push 1,BB Bench Press,2,25,6,80% 1RM,3,,Warrior
6-Apr-2026,Chest,Push 1,BB Bench Press,3,30,1,90% 1RM,3,,Warrior
6-Apr-2026,Chest,Push 1,BB Bench Press,4,25,6,80% 1RM,3,22.5,Warrior
6-Apr-2026,Chest,Push 1,BB Bench Press,5,30,1,90% 1RM,3,27.5,Warrior
6-Apr-2026,Shoulders,Push 1,BB OHP,1,17.5,1,90% 1RM,3,,Warrior
6-Apr-2026,Shoulders,Push 1,BB OHP,2,12.5,6,80% 1RM,3,,Warrior
6-Apr-2026,Shoulders,Push 1,BB OHP,3,16.25,1,90% 1RM,3,,Warrior
6-Apr-2026,Shoulders,Push 1,BB OHP,4,12.5,6,80% 1RM,3,12.5,Warrior
6-Apr-2026,Shoulders,Push 1,BB OHP,5,16.25,1,90% 1RM,3,15,Warrior
6-Apr-2026,Chest,Push 1,Dips,1,0,12,10-12+partial,3,,Warrior
6-Apr-2026,Chest,Push 1,Dips,2,0,9,10-12+partial,3,,Warrior
6-Apr-2026,Chest,Push 1,Dips,3,0,8,10-12+partial,3,,Warrior
6-Apr-2026,Shoulders,Push 1,Cable Lateral Raises,1,17.5,8,10-12+partial,3,,Warrior
6-Apr-2026,Shoulders,Push 1,Cable Lateral Raises,2,17.5,7,10-12+partial,3,,Warrior
6-Apr-2026,Shoulders,Push 1,Cable Lateral Raises,3,17.5,7,10-12+partial,3,,Warrior
6-Apr-2026,Triceps,Push 1,Cable Overhead Triceps Extension,1,35,12,10-12+partial,3,,Warrior
6-Apr-2026,Triceps,Push 1,Cable Overhead Triceps Extension,2,35,9,10-12+partial,3,,Warrior
6-Apr-2026,Triceps,Push 1,Cable Overhead Triceps Extension,2,35,9,10-12+partial,3,,Warrior
6-Apr-2026,Shoulders,Push 1,Hover Hold,3,0,1,3 min,3,,Warrior
8-Apr-2026,Back,Pull 1,Deadlift,1,35,1,90% 1RM,3,,Warrior
8-Apr-2026,Back,Pull 1,Deadlift,2,30,6,80% 1RM,3,,Warrior
8-Apr-2026,Back,Pull 1,Deadlift,3,35,1,90% 1RM,3,,Warrior
8-Apr-2026,Back,Pull 1,Deadlift,4,30,6,80% 1RM,3,,Warrior
8-Apr-2026,Back,Pull 1,Deadlift,5,35,1,90% 1RM,3,,Warrior
8-Apr-2026,Back,Pull 1,Chest Supported BB Rows,1,32.5,1,90% 1RM,3,,Warrior
8-Apr-2026,Back,Pull 1,Chest Supported BB Rows,2,30,6,80% 1RM,3,,Warrior
8-Apr-2026,Back,Pull 1,Chest Supported BB Rows,3,35,1,90% 1RM,3,,Warrior
8-Apr-2026,Back,Pull 1,Chest Supported BB Rows,4,30,6,80% 1RM,3,,Warrior
8-Apr-2026,Back,Pull 1,Chest Supported BB Rows,5,35,1,90% 1RM,3,,Warrior
8-Apr-2026,Back,Pull 1,1 Arm High Cable Row,1,50,12,10-12+partial,3,,Warrior
8-Apr-2026,Back,Pull 1,1 Arm High Cable Row,2,55,10,10-12+partial,3,,Warrior
8-Apr-2026,Back,Pull 1,1 Arm High Cable Row,3,55,10,10-12+partial,3,,Warrior
8-Apr-2026,Shoulders,Pull 1,Face Pulldowns,1,70,10,10-12+partial,3,40 on lat pulldown,Warrior
8-Apr-2026,Shoulders,Pull 1,Face Pulldowns,2,75,10,10-12+partial,3,,Warrior
8-Apr-2026,Shoulders,Pull 1,Face Pulldowns,3,75,10,10-12+partial,3,,Warrior
8-Apr-2026,Biceps,Pull 1,Rope Curls,1,40,10,10-12+partial,3,,Warrior
8-Apr-2026,Biceps,Pull 1,Rope Curls,2,40,10,10-12+partial,3,,Warrior
8-Apr-2026,Biceps,Pull 1,Rope Curls,2,40,8,10-12+partial,3,,Warrior
8-Apr-2026,Biceps,Pull 1,Flexed Arm Hang,3,0,1,3 min,3,,Warrior
10-Apr-2026,Legs,Legs 1,BB Squats,1,32.5,1,90% 1RM,3,,Warrior
10-Apr-2026,Legs,Legs 1,BB Squats,2,27.5,6,80% 1RM,3,,Warrior
10-Apr-2026,Legs,Legs 1,BB Squats,3,33.75,1,90% 1RM,3,,Warrior
10-Apr-2026,Legs,Legs 1,BB Squats,4,27.5,6,80% 1RM,3,,Warrior
10-Apr-2026,Legs,Legs 1,BB Squats,5,33.75,1,90% 1RM,3,,Warrior
10-Apr-2026,Legs,Legs 1,BB RDL,1,36.25,1,90% 1RM,3,,Warrior
10-Apr-2026,Legs,Legs 1,BB RDL,2,31.25,6,80% 1RM,3,,Warrior
10-Apr-2026,Legs,Legs 1,BB RDL,3,36.25,1,90% 1RM,3,,Warrior
10-Apr-2026,Legs,Legs 1,BB RDL,4,31.25,6,80% 1RM,3,,Warrior
10-Apr-2026,Legs,Legs 1,BB RDL,5,36.25,1,90% 1RM,3,,Warrior
10-Apr-2026,Legs,Legs 1,DB Bulgarian Split Squats,1,16,10,10-12+partial,3,,Warrior
10-Apr-2026,Legs,Legs 1,DB Bulgarian Split Squats,2,16,10,10-12+partial,3,,Warrior
10-Apr-2026,Legs,Legs 1,DB Bulgarian Split Squats,3,16,10,10-12+partial,3,,Warrior
10-Apr-2026,Legs,Legs 1,Hamstring Curls,1,50,10,10-12+partial,3,,Warrior
10-Apr-2026,Legs,Legs 1,Hamstring Curls,2,50,8,10-12+partial,3,,Warrior
10-Apr-2026,Legs,Legs 1,Hamstring Curls,3,50,6,10-12+partial,3,,Warrior
10-Apr-2026,Legs,Legs 1,BB Calf Raises (Toes Out),1,35,12,10-12+partial,3,,Warrior
10-Apr-2026,Legs,Legs 1,BB Calf Raises (Toes Out),2,35,10,10-12+partial,3,,Warrior
10-Apr-2026,Legs,Legs 1,BB Calf Raises (Toes Out),2,35,10,10-12+partial,3,,Warrior
10-Apr-2026,Legs,Legs 1,Wall Sits,3,0,1,3 min,3,,Warrior
13-Apr-2026,Chest,Push 2,BB Bench Press,1,30,1,90% 1RM,3,,Warrior
13-Apr-2026,Chest,Push 2,BB Bench Press,2,25,6,80% 1RM,3,,Warrior
13-Apr-2026,Chest,Push 2,BB Bench Press,3,30,1,90% 1RM,3,,Warrior
13-Apr-2026,Chest,Push 2,BB Bench Press,4,25,6,80% 1RM,3,22.5,Warrior
13-Apr-2026,Chest,Push 2,BB Bench Press,5,30,1,90% 1RM,3,27.5,Warrior
13-Apr-2026,Shoulders,Push 2,BB OHP,1,17.5,1,90% 1RM,3,,Warrior
13-Apr-2026,Shoulders,Push 2,BB OHP,2,12.5,6,80% 1RM,3,,Warrior
13-Apr-2026,Shoulders,Push 2,BB OHP,3,17.5,1,90% 1RM,3,,Warrior
13-Apr-2026,Shoulders,Push 2,BB OHP,4,12.5,6,80% 1RM,3,12.5,Warrior
13-Apr-2026,Shoulders,Push 2,BB OHP,5,16.25,1,90% 1RM,3,15,Warrior
13-Apr-2026,Chest,Push 2,X-Crossovers,1,50,12,10-12+partial,3,,Warrior
13-Apr-2026,Chest,Push 2,X-Crossovers,2,50,9,10-12+partial,3,,Warrior
13-Apr-2026,Chest,Push 2,X-Crossovers,3,50,6,10-12+partial,3,,Warrior
13-Apr-2026,Shoulders,Push 2,Cable Stretch Front Raises,1,15,10,10-12+partial,3,,Warrior
13-Apr-2026,Shoulders,Push 2,Cable Stretch Front Raises,2,15,10,10-12+partial,3,,Warrior
13-Apr-2026,Shoulders,Push 2,Cable Stretch Front Raises,3,15,10,10-12+partial,3,,Warrior
13-Apr-2026,Triceps,Push 2,DB Incline Power Bombs,1,22,12,10-12+partial,3,,Warrior
13-Apr-2026,Triceps,Push 2,DB Incline Power Bombs,2,22,12,10-12+partial,3,,Warrior
13-Apr-2026,Triceps,Push 2,DB Incline Power Bombs,2,22,12,10-12+partial,3,,Warrior
13-Apr-2026,Shoulders,Push 2,Hover Hold,3,0,1,3 min,3,,Warrior
15-Apr-2026,Back,Pull 2,Deadlift,1,35,1,90% 1RM,3,,Warrior
15-Apr-2026,Back,Pull 2,Deadlift,2,30,6,80% 1RM,3,,Warrior
15-Apr-2026,Back,Pull 2,Deadlift,3,35,1,90% 1RM,3,,Warrior
15-Apr-2026,Back,Pull 2,Deadlift,4,30,6,80% 1RM,3,,Warrior
15-Apr-2026,Back,Pull 2,Deadlift,5,35,1,90% 1RM,3,,Warrior
15-Apr-2026,Back,Pull 2,Chest Supported BB Rows,1,35,1,90% 1RM,3,,Warrior
15-Apr-2026,Back,Pull 2,Chest Supported BB Rows,2,30,6,80% 1RM,3,,Warrior
15-Apr-2026,Back,Pull 2,Chest Supported BB Rows,3,35,1,90% 1RM,3,,Warrior
15-Apr-2026,Back,Pull 2,Chest Supported BB Rows,4,30,6,80% 1RM,3,,Warrior
15-Apr-2026,Back,Pull 2,Chest Supported BB Rows,5,35,1,90% 1RM,3,,Warrior
15-Apr-2026,Back,Pull 2,Straight Arm Pushdowns,1,55,12,10-12+partial,3,,Warrior
15-Apr-2026,Back,Pull 2,Straight Arm Pushdowns,2,55,9,10-12+partial,3,,Warrior
15-Apr-2026,Back,Pull 2,Straight Arm Pushdowns,3,55,8,10-12+partial,3,,Warrior
15-Apr-2026,Back,Pull 2,Meadows Row,1,20,12,10-12+partial,3,,Warrior
15-Apr-2026,Back,Pull 2,Meadows Row,2,20,11,10-12+partial,3,,Warrior
15-Apr-2026,Back,Pull 2,Meadows Row,3,20,10,10-12+partial,3,,Warrior
15-Apr-2026,Biceps,Pull 2,Biceps Cable Curls,1,45,12,10-12+partial,3,,Warrior
15-Apr-2026,Biceps,Pull 2,Biceps Cable Curls,2,45,10,10-12+partial,3,,Warrior
15-Apr-2026,Biceps,Pull 2,Biceps Cable Curls,2,45,10,10-12+partial,3,,Warrior
15-Apr-2026,Biceps,Pull 2,Flexed Arm Hang,3,0,1,3 min,3,,Warrior
17-Apr-2026,Legs,Legs 2,BB Squats,1,32.5,1,90% 1RM,3,,Warrior
17-Apr-2026,Legs,Legs 2,BB Squats,2,27.5,6,80% 1RM,3,,Warrior
17-Apr-2026,Legs,Legs 2,BB Squats,3,35,1,90% 1RM,3,,Warrior
17-Apr-2026,Legs,Legs 2,BB Squats,4,30,6,80% 1RM,3,,Warrior
17-Apr-2026,Legs,Legs 2,BB Squats,5,35,1,90% 1RM,3,,Warrior
17-Apr-2026,Legs,Legs 2,BB RDL,1,36.25,1,90% 1RM,3,,Warrior
17-Apr-2026,Legs,Legs 2,BB RDL,2,32.5,6,80% 1RM,3,,Warrior
17-Apr-2026,Legs,Legs 2,BB RDL,3,37.5,1,90% 1RM,3,,Warrior
17-Apr-2026,Legs,Legs 2,BB RDL,4,32.5,6,80% 1RM,3,,Warrior
17-Apr-2026,Legs,Legs 2,BB RDL,5,37.5,1,90% 1RM,3,,Warrior
17-Apr-2026,Legs,Legs 2,DB Step Ups,1,10,12,10-12+partial,3,,Warrior
17-Apr-2026,Legs,Legs 2,DB Step Ups,2,10,10,10-12+partial,3,,Warrior
17-Apr-2026,Legs,Legs 2,DB Step Ups,3,10,10,10-12+partial,3,,Warrior
17-Apr-2026,Legs,Legs 2,Single Leg Cable RDL's,1,45,12,10-12+partial,3,,Warrior
17-Apr-2026,Legs,Legs 2,Single Leg Cable RDL's,2,45,12,10-12+partial,3,,Warrior
17-Apr-2026,Legs,Legs 2,Single Leg Cable RDL's,3,45,12,10-12+partial,3,,Warrior
17-Apr-2026,Legs,Legs 2,Seated Calf Raises,1,90,12,10-12+partial,3,,Warrior
17-Apr-2026,Legs,Legs 2,Seated Calf Raises,2,90,11,10-12+partial,3,,Warrior
17-Apr-2026,Legs,Legs 2,Seated Calf Raises,2,90,12,10-12+partial,3,,Warrior
17-Apr-2026,Legs,Legs 2,Wall Sits,3,0,1,3 min,3,,Warrior